	action
(0, 0, IRRELEVANT)	ADOPT
(0, 0, RELEVANT)	ADOPT
(0, 0, ACTIVE)	ADOPT
(0, 1, IRRELEVANT)	ADOPT
(0, 1, RELEVANT)	ADOPT
(0, 1, ACTIVE)	WAIT
(0, 2, IRRELEVANT)	ADOPT
(0, 2, RELEVANT)	ADOPT
(0, 2, ACTIVE)	WAIT
(0, 3, IRRELEVANT)	ADOPT
(0, 3, RELEVANT)	ADOPT
(0, 3, ACTIVE)	WAIT
(0, 4, IRRELEVANT)	ADOPT
(0, 4, RELEVANT)	ADOPT
(0, 4, ACTIVE)	WAIT
(0, 5, IRRELEVANT)	ADOPT
(0, 5, RELEVANT)	ADOPT
(0, 5, ACTIVE)	WAIT
(0, 6, IRRELEVANT)	ADOPT
(0, 6, RELEVANT)	ADOPT
(0, 6, ACTIVE)	WAIT
(0, 7, IRRELEVANT)	ADOPT
(0, 7, RELEVANT)	ADOPT
(0, 7, ACTIVE)	WAIT
(0, 8, IRRELEVANT)	ADOPT
(0, 8, RELEVANT)	ADOPT
(0, 8, ACTIVE)	WAIT
(0, 9, IRRELEVANT)	ADOPT
(0, 9, RELEVANT)	ADOPT
(0, 9, ACTIVE)	WAIT
(0, 10, IRRELEVANT)	ADOPT
(0, 10, RELEVANT)	ADOPT
(0, 10, ACTIVE)	WAIT
(0, 11, IRRELEVANT)	ADOPT
(0, 11, RELEVANT)	ADOPT
(0, 11, ACTIVE)	WAIT
(0, 12, IRRELEVANT)	ADOPT
(0, 12, RELEVANT)	ADOPT
(0, 12, ACTIVE)	WAIT
(0, 13, IRRELEVANT)	ADOPT
(0, 13, RELEVANT)	ADOPT
(0, 13, ACTIVE)	WAIT
(0, 14, IRRELEVANT)	ADOPT
(0, 14, RELEVANT)	ADOPT
(0, 14, ACTIVE)	WAIT
(0, 15, IRRELEVANT)	ADOPT
(0, 15, RELEVANT)	ADOPT
(0, 15, ACTIVE)	WAIT
(0, 16, IRRELEVANT)	ADOPT
(0, 16, RELEVANT)	ADOPT
(0, 16, ACTIVE)	WAIT
(0, 17, IRRELEVANT)	ADOPT
(0, 17, RELEVANT)	ADOPT
(0, 17, ACTIVE)	WAIT
(0, 18, IRRELEVANT)	ADOPT
(0, 18, RELEVANT)	ADOPT
(0, 18, ACTIVE)	WAIT
(0, 19, IRRELEVANT)	ADOPT
(0, 19, RELEVANT)	ADOPT
(0, 19, ACTIVE)	ADOPT
(1, 0, IRRELEVANT)	OVERRIDE
(1, 0, RELEVANT)	OVERRIDE
(1, 0, ACTIVE)	OVERRIDE
(1, 1, IRRELEVANT)	WAIT
(1, 1, RELEVANT)	MATCH
(1, 1, ACTIVE)	WAIT
(1, 2, IRRELEVANT)	ADOPT
(1, 2, RELEVANT)	ADOPT
(1, 2, ACTIVE)	WAIT
(1, 3, IRRELEVANT)	ADOPT
(1, 3, RELEVANT)	ADOPT
(1, 3, ACTIVE)	WAIT
(1, 4, IRRELEVANT)	ADOPT
(1, 4, RELEVANT)	ADOPT
(1, 4, ACTIVE)	WAIT
(1, 5, IRRELEVANT)	ADOPT
(1, 5, RELEVANT)	ADOPT
(1, 5, ACTIVE)	WAIT
(1, 6, IRRELEVANT)	ADOPT
(1, 6, RELEVANT)	ADOPT
(1, 6, ACTIVE)	WAIT
(1, 7, IRRELEVANT)	ADOPT
(1, 7, RELEVANT)	ADOPT
(1, 7, ACTIVE)	WAIT
(1, 8, IRRELEVANT)	ADOPT
(1, 8, RELEVANT)	ADOPT
(1, 8, ACTIVE)	WAIT
(1, 9, IRRELEVANT)	ADOPT
(1, 9, RELEVANT)	ADOPT
(1, 9, ACTIVE)	WAIT
(1, 10, IRRELEVANT)	ADOPT
(1, 10, RELEVANT)	ADOPT
(1, 10, ACTIVE)	WAIT
(1, 11, IRRELEVANT)	ADOPT
(1, 11, RELEVANT)	ADOPT
(1, 11, ACTIVE)	WAIT
(1, 12, IRRELEVANT)	ADOPT
(1, 12, RELEVANT)	ADOPT
(1, 12, ACTIVE)	WAIT
(1, 13, IRRELEVANT)	ADOPT
(1, 13, RELEVANT)	ADOPT
(1, 13, ACTIVE)	WAIT
(1, 14, IRRELEVANT)	ADOPT
(1, 14, RELEVANT)	ADOPT
(1, 14, ACTIVE)	WAIT
(1, 15, IRRELEVANT)	ADOPT
(1, 15, RELEVANT)	ADOPT
(1, 15, ACTIVE)	WAIT
(1, 16, IRRELEVANT)	ADOPT
(1, 16, RELEVANT)	ADOPT
(1, 16, ACTIVE)	WAIT
(1, 17, IRRELEVANT)	ADOPT
(1, 17, RELEVANT)	ADOPT
(1, 17, ACTIVE)	WAIT
(1, 18, IRRELEVANT)	ADOPT
(1, 18, RELEVANT)	ADOPT
(1, 18, ACTIVE)	WAIT
(1, 19, IRRELEVANT)	ADOPT
(1, 19, RELEVANT)	ADOPT
(1, 19, ACTIVE)	ADOPT
(2, 0, IRRELEVANT)	WAIT
(2, 0, RELEVANT)	WAIT
(2, 0, ACTIVE)	WAIT
(2, 1, IRRELEVANT)	OVERRIDE
(2, 1, RELEVANT)	OVERRIDE
(2, 1, ACTIVE)	OVERRIDE
(2, 2, IRRELEVANT)	WAIT
(2, 2, RELEVANT)	MATCH
(2, 2, ACTIVE)	WAIT
(2, 3, IRRELEVANT)	ADOPT
(2, 3, RELEVANT)	ADOPT
(2, 3, ACTIVE)	WAIT
(2, 4, IRRELEVANT)	ADOPT
(2, 4, RELEVANT)	ADOPT
(2, 4, ACTIVE)	WAIT
(2, 5, IRRELEVANT)	ADOPT
(2, 5, RELEVANT)	ADOPT
(2, 5, ACTIVE)	WAIT
(2, 6, IRRELEVANT)	ADOPT
(2, 6, RELEVANT)	ADOPT
(2, 6, ACTIVE)	WAIT
(2, 7, IRRELEVANT)	ADOPT
(2, 7, RELEVANT)	ADOPT
(2, 7, ACTIVE)	WAIT
(2, 8, IRRELEVANT)	ADOPT
(2, 8, RELEVANT)	ADOPT
(2, 8, ACTIVE)	WAIT
(2, 9, IRRELEVANT)	ADOPT
(2, 9, RELEVANT)	ADOPT
(2, 9, ACTIVE)	WAIT
(2, 10, IRRELEVANT)	ADOPT
(2, 10, RELEVANT)	ADOPT
(2, 10, ACTIVE)	WAIT
(2, 11, IRRELEVANT)	ADOPT
(2, 11, RELEVANT)	ADOPT
(2, 11, ACTIVE)	WAIT
(2, 12, IRRELEVANT)	ADOPT
(2, 12, RELEVANT)	ADOPT
(2, 12, ACTIVE)	WAIT
(2, 13, IRRELEVANT)	ADOPT
(2, 13, RELEVANT)	ADOPT
(2, 13, ACTIVE)	WAIT
(2, 14, IRRELEVANT)	ADOPT
(2, 14, RELEVANT)	ADOPT
(2, 14, ACTIVE)	WAIT
(2, 15, IRRELEVANT)	ADOPT
(2, 15, RELEVANT)	ADOPT
(2, 15, ACTIVE)	WAIT
(2, 16, IRRELEVANT)	ADOPT
(2, 16, RELEVANT)	ADOPT
(2, 16, ACTIVE)	WAIT
(2, 17, IRRELEVANT)	ADOPT
(2, 17, RELEVANT)	ADOPT
(2, 17, ACTIVE)	WAIT
(2, 18, IRRELEVANT)	ADOPT
(2, 18, RELEVANT)	ADOPT
(2, 18, ACTIVE)	WAIT
(2, 19, IRRELEVANT)	ADOPT
(2, 19, RELEVANT)	ADOPT
(2, 19, ACTIVE)	ADOPT
(3, 0, IRRELEVANT)	WAIT
(3, 0, RELEVANT)	WAIT
(3, 0, ACTIVE)	WAIT
(3, 1, IRRELEVANT)	WAIT
(3, 1, RELEVANT)	MATCH
(3, 1, ACTIVE)	WAIT
(3, 2, IRRELEVANT)	OVERRIDE
(3, 2, RELEVANT)	OVERRIDE
(3, 2, ACTIVE)	OVERRIDE
(3, 3, IRRELEVANT)	WAIT
(3, 3, RELEVANT)	MATCH
(3, 3, ACTIVE)	WAIT
(3, 4, IRRELEVANT)	WAIT
(3, 4, RELEVANT)	WAIT
(3, 4, ACTIVE)	WAIT
(3, 5, IRRELEVANT)	ADOPT
(3, 5, RELEVANT)	ADOPT
(3, 5, ACTIVE)	WAIT
(3, 6, IRRELEVANT)	ADOPT
(3, 6, RELEVANT)	ADOPT
(3, 6, ACTIVE)	WAIT
(3, 7, IRRELEVANT)	ADOPT
(3, 7, RELEVANT)	ADOPT
(3, 7, ACTIVE)	WAIT
(3, 8, IRRELEVANT)	ADOPT
(3, 8, RELEVANT)	ADOPT
(3, 8, ACTIVE)	WAIT
(3, 9, IRRELEVANT)	ADOPT
(3, 9, RELEVANT)	ADOPT
(3, 9, ACTIVE)	WAIT
(3, 10, IRRELEVANT)	ADOPT
(3, 10, RELEVANT)	ADOPT
(3, 10, ACTIVE)	WAIT
(3, 11, IRRELEVANT)	ADOPT
(3, 11, RELEVANT)	ADOPT
(3, 11, ACTIVE)	WAIT
(3, 12, IRRELEVANT)	ADOPT
(3, 12, RELEVANT)	ADOPT
(3, 12, ACTIVE)	WAIT
(3, 13, IRRELEVANT)	ADOPT
(3, 13, RELEVANT)	ADOPT
(3, 13, ACTIVE)	WAIT
(3, 14, IRRELEVANT)	ADOPT
(3, 14, RELEVANT)	ADOPT
(3, 14, ACTIVE)	WAIT
(3, 15, IRRELEVANT)	ADOPT
(3, 15, RELEVANT)	ADOPT
(3, 15, ACTIVE)	WAIT
(3, 16, IRRELEVANT)	ADOPT
(3, 16, RELEVANT)	ADOPT
(3, 16, ACTIVE)	WAIT
(3, 17, IRRELEVANT)	ADOPT
(3, 17, RELEVANT)	ADOPT
(3, 17, ACTIVE)	WAIT
(3, 18, IRRELEVANT)	ADOPT
(3, 18, RELEVANT)	ADOPT
(3, 18, ACTIVE)	WAIT
(3, 19, IRRELEVANT)	ADOPT
(3, 19, RELEVANT)	ADOPT
(3, 19, ACTIVE)	ADOPT
(4, 0, IRRELEVANT)	WAIT
(4, 0, RELEVANT)	WAIT
(4, 0, ACTIVE)	WAIT
(4, 1, IRRELEVANT)	WAIT
(4, 1, RELEVANT)	MATCH
(4, 1, ACTIVE)	WAIT
(4, 2, IRRELEVANT)	WAIT
(4, 2, RELEVANT)	MATCH
(4, 2, ACTIVE)	WAIT
(4, 3, IRRELEVANT)	OVERRIDE
(4, 3, RELEVANT)	OVERRIDE
(4, 3, ACTIVE)	OVERRIDE
(4, 4, IRRELEVANT)	WAIT
(4, 4, RELEVANT)	MATCH
(4, 4, ACTIVE)	WAIT
(4, 5, IRRELEVANT)	WAIT
(4, 5, RELEVANT)	WAIT
(4, 5, ACTIVE)	WAIT
(4, 6, IRRELEVANT)	ADOPT
(4, 6, RELEVANT)	ADOPT
(4, 6, ACTIVE)	WAIT
(4, 7, IRRELEVANT)	ADOPT
(4, 7, RELEVANT)	ADOPT
(4, 7, ACTIVE)	WAIT
(4, 8, IRRELEVANT)	ADOPT
(4, 8, RELEVANT)	ADOPT
(4, 8, ACTIVE)	WAIT
(4, 9, IRRELEVANT)	ADOPT
(4, 9, RELEVANT)	ADOPT
(4, 9, ACTIVE)	WAIT
(4, 10, IRRELEVANT)	ADOPT
(4, 10, RELEVANT)	ADOPT
(4, 10, ACTIVE)	WAIT
(4, 11, IRRELEVANT)	ADOPT
(4, 11, RELEVANT)	ADOPT
(4, 11, ACTIVE)	WAIT
(4, 12, IRRELEVANT)	ADOPT
(4, 12, RELEVANT)	ADOPT
(4, 12, ACTIVE)	WAIT
(4, 13, IRRELEVANT)	ADOPT
(4, 13, RELEVANT)	ADOPT
(4, 13, ACTIVE)	WAIT
(4, 14, IRRELEVANT)	ADOPT
(4, 14, RELEVANT)	ADOPT
(4, 14, ACTIVE)	WAIT
(4, 15, IRRELEVANT)	ADOPT
(4, 15, RELEVANT)	ADOPT
(4, 15, ACTIVE)	WAIT
(4, 16, IRRELEVANT)	ADOPT
(4, 16, RELEVANT)	ADOPT
(4, 16, ACTIVE)	WAIT
(4, 17, IRRELEVANT)	ADOPT
(4, 17, RELEVANT)	ADOPT
(4, 17, ACTIVE)	WAIT
(4, 18, IRRELEVANT)	ADOPT
(4, 18, RELEVANT)	ADOPT
(4, 18, ACTIVE)	WAIT
(4, 19, IRRELEVANT)	ADOPT
(4, 19, RELEVANT)	ADOPT
(4, 19, ACTIVE)	ADOPT
(5, 0, IRRELEVANT)	WAIT
(5, 0, RELEVANT)	WAIT
(5, 0, ACTIVE)	WAIT
(5, 1, IRRELEVANT)	WAIT
(5, 1, RELEVANT)	MATCH
(5, 1, ACTIVE)	WAIT
(5, 2, IRRELEVANT)	WAIT
(5, 2, RELEVANT)	MATCH
(5, 2, ACTIVE)	WAIT
(5, 3, IRRELEVANT)	WAIT
(5, 3, RELEVANT)	MATCH
(5, 3, ACTIVE)	WAIT
(5, 4, IRRELEVANT)	OVERRIDE
(5, 4, RELEVANT)	OVERRIDE
(5, 4, ACTIVE)	OVERRIDE
(5, 5, IRRELEVANT)	WAIT
(5, 5, RELEVANT)	MATCH
(5, 5, ACTIVE)	WAIT
(5, 6, IRRELEVANT)	WAIT
(5, 6, RELEVANT)	WAIT
(5, 6, ACTIVE)	WAIT
(5, 7, IRRELEVANT)	ADOPT
(5, 7, RELEVANT)	ADOPT
(5, 7, ACTIVE)	WAIT
(5, 8, IRRELEVANT)	ADOPT
(5, 8, RELEVANT)	ADOPT
(5, 8, ACTIVE)	WAIT
(5, 9, IRRELEVANT)	ADOPT
(5, 9, RELEVANT)	ADOPT
(5, 9, ACTIVE)	WAIT
(5, 10, IRRELEVANT)	ADOPT
(5, 10, RELEVANT)	ADOPT
(5, 10, ACTIVE)	WAIT
(5, 11, IRRELEVANT)	ADOPT
(5, 11, RELEVANT)	ADOPT
(5, 11, ACTIVE)	WAIT
(5, 12, IRRELEVANT)	ADOPT
(5, 12, RELEVANT)	ADOPT
(5, 12, ACTIVE)	WAIT
(5, 13, IRRELEVANT)	ADOPT
(5, 13, RELEVANT)	ADOPT
(5, 13, ACTIVE)	WAIT
(5, 14, IRRELEVANT)	ADOPT
(5, 14, RELEVANT)	ADOPT
(5, 14, ACTIVE)	WAIT
(5, 15, IRRELEVANT)	ADOPT
(5, 15, RELEVANT)	ADOPT
(5, 15, ACTIVE)	WAIT
(5, 16, IRRELEVANT)	ADOPT
(5, 16, RELEVANT)	ADOPT
(5, 16, ACTIVE)	WAIT
(5, 17, IRRELEVANT)	ADOPT
(5, 17, RELEVANT)	ADOPT
(5, 17, ACTIVE)	WAIT
(5, 18, IRRELEVANT)	ADOPT
(5, 18, RELEVANT)	ADOPT
(5, 18, ACTIVE)	WAIT
(5, 19, IRRELEVANT)	ADOPT
(5, 19, RELEVANT)	ADOPT
(5, 19, ACTIVE)	ADOPT
(6, 0, IRRELEVANT)	WAIT
(6, 0, RELEVANT)	WAIT
(6, 0, ACTIVE)	WAIT
(6, 1, IRRELEVANT)	WAIT
(6, 1, RELEVANT)	MATCH
(6, 1, ACTIVE)	WAIT
(6, 2, IRRELEVANT)	WAIT
(6, 2, RELEVANT)	MATCH
(6, 2, ACTIVE)	WAIT
(6, 3, IRRELEVANT)	WAIT
(6, 3, RELEVANT)	MATCH
(6, 3, ACTIVE)	WAIT
(6, 4, IRRELEVANT)	WAIT
(6, 4, RELEVANT)	MATCH
(6, 4, ACTIVE)	WAIT
(6, 5, IRRELEVANT)	OVERRIDE
(6, 5, RELEVANT)	OVERRIDE
(6, 5, ACTIVE)	OVERRIDE
(6, 6, IRRELEVANT)	WAIT
(6, 6, RELEVANT)	MATCH
(6, 6, ACTIVE)	WAIT
(6, 7, IRRELEVANT)	WAIT
(6, 7, RELEVANT)	WAIT
(6, 7, ACTIVE)	WAIT
(6, 8, IRRELEVANT)	ADOPT
(6, 8, RELEVANT)	ADOPT
(6, 8, ACTIVE)	WAIT
(6, 9, IRRELEVANT)	ADOPT
(6, 9, RELEVANT)	ADOPT
(6, 9, ACTIVE)	WAIT
(6, 10, IRRELEVANT)	ADOPT
(6, 10, RELEVANT)	ADOPT
(6, 10, ACTIVE)	WAIT
(6, 11, IRRELEVANT)	ADOPT
(6, 11, RELEVANT)	ADOPT
(6, 11, ACTIVE)	WAIT
(6, 12, IRRELEVANT)	ADOPT
(6, 12, RELEVANT)	ADOPT
(6, 12, ACTIVE)	WAIT
(6, 13, IRRELEVANT)	ADOPT
(6, 13, RELEVANT)	ADOPT
(6, 13, ACTIVE)	WAIT
(6, 14, IRRELEVANT)	ADOPT
(6, 14, RELEVANT)	ADOPT
(6, 14, ACTIVE)	WAIT
(6, 15, IRRELEVANT)	ADOPT
(6, 15, RELEVANT)	ADOPT
(6, 15, ACTIVE)	WAIT
(6, 16, IRRELEVANT)	ADOPT
(6, 16, RELEVANT)	ADOPT
(6, 16, ACTIVE)	WAIT
(6, 17, IRRELEVANT)	ADOPT
(6, 17, RELEVANT)	ADOPT
(6, 17, ACTIVE)	WAIT
(6, 18, IRRELEVANT)	ADOPT
(6, 18, RELEVANT)	ADOPT
(6, 18, ACTIVE)	WAIT
(6, 19, IRRELEVANT)	ADOPT
(6, 19, RELEVANT)	ADOPT
(6, 19, ACTIVE)	ADOPT
(7, 0, IRRELEVANT)	WAIT
(7, 0, RELEVANT)	WAIT
(7, 0, ACTIVE)	WAIT
(7, 1, IRRELEVANT)	WAIT
(7, 1, RELEVANT)	MATCH
(7, 1, ACTIVE)	WAIT
(7, 2, IRRELEVANT)	WAIT
(7, 2, RELEVANT)	MATCH
(7, 2, ACTIVE)	WAIT
(7, 3, IRRELEVANT)	WAIT
(7, 3, RELEVANT)	MATCH
(7, 3, ACTIVE)	WAIT
(7, 4, IRRELEVANT)	WAIT
(7, 4, RELEVANT)	MATCH
(7, 4, ACTIVE)	WAIT
(7, 5, IRRELEVANT)	WAIT
(7, 5, RELEVANT)	MATCH
(7, 5, ACTIVE)	WAIT
(7, 6, IRRELEVANT)	OVERRIDE
(7, 6, RELEVANT)	OVERRIDE
(7, 6, ACTIVE)	OVERRIDE
(7, 7, IRRELEVANT)	WAIT
(7, 7, RELEVANT)	MATCH
(7, 7, ACTIVE)	WAIT
(7, 8, IRRELEVANT)	WAIT
(7, 8, RELEVANT)	WAIT
(7, 8, ACTIVE)	WAIT
(7, 9, IRRELEVANT)	ADOPT
(7, 9, RELEVANT)	ADOPT
(7, 9, ACTIVE)	WAIT
(7, 10, IRRELEVANT)	ADOPT
(7, 10, RELEVANT)	ADOPT
(7, 10, ACTIVE)	WAIT
(7, 11, IRRELEVANT)	ADOPT
(7, 11, RELEVANT)	ADOPT
(7, 11, ACTIVE)	WAIT
(7, 12, IRRELEVANT)	ADOPT
(7, 12, RELEVANT)	ADOPT
(7, 12, ACTIVE)	WAIT
(7, 13, IRRELEVANT)	ADOPT
(7, 13, RELEVANT)	ADOPT
(7, 13, ACTIVE)	WAIT
(7, 14, IRRELEVANT)	ADOPT
(7, 14, RELEVANT)	ADOPT
(7, 14, ACTIVE)	WAIT
(7, 15, IRRELEVANT)	ADOPT
(7, 15, RELEVANT)	ADOPT
(7, 15, ACTIVE)	WAIT
(7, 16, IRRELEVANT)	ADOPT
(7, 16, RELEVANT)	ADOPT
(7, 16, ACTIVE)	WAIT
(7, 17, IRRELEVANT)	ADOPT
(7, 17, RELEVANT)	ADOPT
(7, 17, ACTIVE)	WAIT
(7, 18, IRRELEVANT)	ADOPT
(7, 18, RELEVANT)	ADOPT
(7, 18, ACTIVE)	WAIT
(7, 19, IRRELEVANT)	ADOPT
(7, 19, RELEVANT)	ADOPT
(7, 19, ACTIVE)	ADOPT
(8, 0, IRRELEVANT)	WAIT
(8, 0, RELEVANT)	WAIT
(8, 0, ACTIVE)	WAIT
(8, 1, IRRELEVANT)	WAIT
(8, 1, RELEVANT)	MATCH
(8, 1, ACTIVE)	WAIT
(8, 2, IRRELEVANT)	WAIT
(8, 2, RELEVANT)	MATCH
(8, 2, ACTIVE)	WAIT
(8, 3, IRRELEVANT)	WAIT
(8, 3, RELEVANT)	MATCH
(8, 3, ACTIVE)	WAIT
(8, 4, IRRELEVANT)	WAIT
(8, 4, RELEVANT)	MATCH
(8, 4, ACTIVE)	WAIT
(8, 5, IRRELEVANT)	WAIT
(8, 5, RELEVANT)	MATCH
(8, 5, ACTIVE)	WAIT
(8, 6, IRRELEVANT)	WAIT
(8, 6, RELEVANT)	MATCH
(8, 6, ACTIVE)	WAIT
(8, 7, IRRELEVANT)	OVERRIDE
(8, 7, RELEVANT)	OVERRIDE
(8, 7, ACTIVE)	OVERRIDE
(8, 8, IRRELEVANT)	WAIT
(8, 8, RELEVANT)	MATCH
(8, 8, ACTIVE)	WAIT
(8, 9, IRRELEVANT)	WAIT
(8, 9, RELEVANT)	WAIT
(8, 9, ACTIVE)	WAIT
(8, 10, IRRELEVANT)	ADOPT
(8, 10, RELEVANT)	ADOPT
(8, 10, ACTIVE)	WAIT
(8, 11, IRRELEVANT)	ADOPT
(8, 11, RELEVANT)	ADOPT
(8, 11, ACTIVE)	WAIT
(8, 12, IRRELEVANT)	ADOPT
(8, 12, RELEVANT)	ADOPT
(8, 12, ACTIVE)	WAIT
(8, 13, IRRELEVANT)	ADOPT
(8, 13, RELEVANT)	ADOPT
(8, 13, ACTIVE)	WAIT
(8, 14, IRRELEVANT)	ADOPT
(8, 14, RELEVANT)	ADOPT
(8, 14, ACTIVE)	WAIT
(8, 15, IRRELEVANT)	ADOPT
(8, 15, RELEVANT)	ADOPT
(8, 15, ACTIVE)	WAIT
(8, 16, IRRELEVANT)	ADOPT
(8, 16, RELEVANT)	ADOPT
(8, 16, ACTIVE)	WAIT
(8, 17, IRRELEVANT)	ADOPT
(8, 17, RELEVANT)	ADOPT
(8, 17, ACTIVE)	WAIT
(8, 18, IRRELEVANT)	ADOPT
(8, 18, RELEVANT)	ADOPT
(8, 18, ACTIVE)	WAIT
(8, 19, IRRELEVANT)	ADOPT
(8, 19, RELEVANT)	ADOPT
(8, 19, ACTIVE)	ADOPT
(9, 0, IRRELEVANT)	WAIT
(9, 0, RELEVANT)	WAIT
(9, 0, ACTIVE)	WAIT
(9, 1, IRRELEVANT)	WAIT
(9, 1, RELEVANT)	MATCH
(9, 1, ACTIVE)	WAIT
(9, 2, IRRELEVANT)	WAIT
(9, 2, RELEVANT)	MATCH
(9, 2, ACTIVE)	WAIT
(9, 3, IRRELEVANT)	WAIT
(9, 3, RELEVANT)	MATCH
(9, 3, ACTIVE)	WAIT
(9, 4, IRRELEVANT)	WAIT
(9, 4, RELEVANT)	MATCH
(9, 4, ACTIVE)	WAIT
(9, 5, IRRELEVANT)	WAIT
(9, 5, RELEVANT)	MATCH
(9, 5, ACTIVE)	WAIT
(9, 6, IRRELEVANT)	WAIT
(9, 6, RELEVANT)	MATCH
(9, 6, ACTIVE)	WAIT
(9, 7, IRRELEVANT)	WAIT
(9, 7, RELEVANT)	MATCH
(9, 7, ACTIVE)	WAIT
(9, 8, IRRELEVANT)	OVERRIDE
(9, 8, RELEVANT)	OVERRIDE
(9, 8, ACTIVE)	OVERRIDE
(9, 9, IRRELEVANT)	WAIT
(9, 9, RELEVANT)	MATCH
(9, 9, ACTIVE)	WAIT
(9, 10, IRRELEVANT)	WAIT
(9, 10, RELEVANT)	WAIT
(9, 10, ACTIVE)	WAIT
(9, 11, IRRELEVANT)	ADOPT
(9, 11, RELEVANT)	ADOPT
(9, 11, ACTIVE)	WAIT
(9, 12, IRRELEVANT)	ADOPT
(9, 12, RELEVANT)	ADOPT
(9, 12, ACTIVE)	WAIT
(9, 13, IRRELEVANT)	ADOPT
(9, 13, RELEVANT)	ADOPT
(9, 13, ACTIVE)	WAIT
(9, 14, IRRELEVANT)	ADOPT
(9, 14, RELEVANT)	ADOPT
(9, 14, ACTIVE)	WAIT
(9, 15, IRRELEVANT)	ADOPT
(9, 15, RELEVANT)	ADOPT
(9, 15, ACTIVE)	WAIT
(9, 16, IRRELEVANT)	ADOPT
(9, 16, RELEVANT)	ADOPT
(9, 16, ACTIVE)	WAIT
(9, 17, IRRELEVANT)	ADOPT
(9, 17, RELEVANT)	ADOPT
(9, 17, ACTIVE)	WAIT
(9, 18, IRRELEVANT)	ADOPT
(9, 18, RELEVANT)	ADOPT
(9, 18, ACTIVE)	WAIT
(9, 19, IRRELEVANT)	ADOPT
(9, 19, RELEVANT)	ADOPT
(9, 19, ACTIVE)	ADOPT
(10, 0, IRRELEVANT)	WAIT
(10, 0, RELEVANT)	WAIT
(10, 0, ACTIVE)	WAIT
(10, 1, IRRELEVANT)	WAIT
(10, 1, RELEVANT)	MATCH
(10, 1, ACTIVE)	WAIT
(10, 2, IRRELEVANT)	WAIT
(10, 2, RELEVANT)	MATCH
(10, 2, ACTIVE)	WAIT
(10, 3, IRRELEVANT)	WAIT
(10, 3, RELEVANT)	MATCH
(10, 3, ACTIVE)	WAIT
(10, 4, IRRELEVANT)	WAIT
(10, 4, RELEVANT)	MATCH
(10, 4, ACTIVE)	WAIT
(10, 5, IRRELEVANT)	WAIT
(10, 5, RELEVANT)	MATCH
(10, 5, ACTIVE)	WAIT
(10, 6, IRRELEVANT)	WAIT
(10, 6, RELEVANT)	MATCH
(10, 6, ACTIVE)	WAIT
(10, 7, IRRELEVANT)	WAIT
(10, 7, RELEVANT)	MATCH
(10, 7, ACTIVE)	WAIT
(10, 8, IRRELEVANT)	WAIT
(10, 8, RELEVANT)	MATCH
(10, 8, ACTIVE)	WAIT
(10, 9, IRRELEVANT)	OVERRIDE
(10, 9, RELEVANT)	OVERRIDE
(10, 9, ACTIVE)	OVERRIDE
(10, 10, IRRELEVANT)	WAIT
(10, 10, RELEVANT)	MATCH
(10, 10, ACTIVE)	WAIT
(10, 11, IRRELEVANT)	WAIT
(10, 11, RELEVANT)	WAIT
(10, 11, ACTIVE)	WAIT
(10, 12, IRRELEVANT)	ADOPT
(10, 12, RELEVANT)	ADOPT
(10, 12, ACTIVE)	WAIT
(10, 13, IRRELEVANT)	ADOPT
(10, 13, RELEVANT)	ADOPT
(10, 13, ACTIVE)	WAIT
(10, 14, IRRELEVANT)	ADOPT
(10, 14, RELEVANT)	ADOPT
(10, 14, ACTIVE)	WAIT
(10, 15, IRRELEVANT)	ADOPT
(10, 15, RELEVANT)	ADOPT
(10, 15, ACTIVE)	WAIT
(10, 16, IRRELEVANT)	ADOPT
(10, 16, RELEVANT)	ADOPT
(10, 16, ACTIVE)	WAIT
(10, 17, IRRELEVANT)	ADOPT
(10, 17, RELEVANT)	ADOPT
(10, 17, ACTIVE)	WAIT
(10, 18, IRRELEVANT)	ADOPT
(10, 18, RELEVANT)	ADOPT
(10, 18, ACTIVE)	WAIT
(10, 19, IRRELEVANT)	ADOPT
(10, 19, RELEVANT)	ADOPT
(10, 19, ACTIVE)	ADOPT
(11, 0, IRRELEVANT)	WAIT
(11, 0, RELEVANT)	WAIT
(11, 0, ACTIVE)	WAIT
(11, 1, IRRELEVANT)	WAIT
(11, 1, RELEVANT)	MATCH
(11, 1, ACTIVE)	WAIT
(11, 2, IRRELEVANT)	WAIT
(11, 2, RELEVANT)	MATCH
(11, 2, ACTIVE)	WAIT
(11, 3, IRRELEVANT)	WAIT
(11, 3, RELEVANT)	MATCH
(11, 3, ACTIVE)	WAIT
(11, 4, IRRELEVANT)	WAIT
(11, 4, RELEVANT)	MATCH
(11, 4, ACTIVE)	WAIT
(11, 5, IRRELEVANT)	WAIT
(11, 5, RELEVANT)	MATCH
(11, 5, ACTIVE)	WAIT
(11, 6, IRRELEVANT)	WAIT
(11, 6, RELEVANT)	MATCH
(11, 6, ACTIVE)	WAIT
(11, 7, IRRELEVANT)	WAIT
(11, 7, RELEVANT)	MATCH
(11, 7, ACTIVE)	WAIT
(11, 8, IRRELEVANT)	WAIT
(11, 8, RELEVANT)	MATCH
(11, 8, ACTIVE)	WAIT
(11, 9, IRRELEVANT)	WAIT
(11, 9, RELEVANT)	MATCH
(11, 9, ACTIVE)	WAIT
(11, 10, IRRELEVANT)	OVERRIDE
(11, 10, RELEVANT)	OVERRIDE
(11, 10, ACTIVE)	OVERRIDE
(11, 11, IRRELEVANT)	WAIT
(11, 11, RELEVANT)	MATCH
(11, 11, ACTIVE)	WAIT
(11, 12, IRRELEVANT)	WAIT
(11, 12, RELEVANT)	WAIT
(11, 12, ACTIVE)	WAIT
(11, 13, IRRELEVANT)	ADOPT
(11, 13, RELEVANT)	ADOPT
(11, 13, ACTIVE)	WAIT
(11, 14, IRRELEVANT)	ADOPT
(11, 14, RELEVANT)	ADOPT
(11, 14, ACTIVE)	WAIT
(11, 15, IRRELEVANT)	ADOPT
(11, 15, RELEVANT)	ADOPT
(11, 15, ACTIVE)	WAIT
(11, 16, IRRELEVANT)	ADOPT
(11, 16, RELEVANT)	ADOPT
(11, 16, ACTIVE)	WAIT
(11, 17, IRRELEVANT)	ADOPT
(11, 17, RELEVANT)	ADOPT
(11, 17, ACTIVE)	WAIT
(11, 18, IRRELEVANT)	ADOPT
(11, 18, RELEVANT)	ADOPT
(11, 18, ACTIVE)	WAIT
(11, 19, IRRELEVANT)	ADOPT
(11, 19, RELEVANT)	ADOPT
(11, 19, ACTIVE)	ADOPT
(12, 0, IRRELEVANT)	WAIT
(12, 0, RELEVANT)	WAIT
(12, 0, ACTIVE)	WAIT
(12, 1, IRRELEVANT)	WAIT
(12, 1, RELEVANT)	MATCH
(12, 1, ACTIVE)	WAIT
(12, 2, IRRELEVANT)	WAIT
(12, 2, RELEVANT)	MATCH
(12, 2, ACTIVE)	WAIT
(12, 3, IRRELEVANT)	WAIT
(12, 3, RELEVANT)	MATCH
(12, 3, ACTIVE)	WAIT
(12, 4, IRRELEVANT)	WAIT
(12, 4, RELEVANT)	MATCH
(12, 4, ACTIVE)	WAIT
(12, 5, IRRELEVANT)	WAIT
(12, 5, RELEVANT)	MATCH
(12, 5, ACTIVE)	WAIT
(12, 6, IRRELEVANT)	WAIT
(12, 6, RELEVANT)	MATCH
(12, 6, ACTIVE)	WAIT
(12, 7, IRRELEVANT)	WAIT
(12, 7, RELEVANT)	MATCH
(12, 7, ACTIVE)	WAIT
(12, 8, IRRELEVANT)	WAIT
(12, 8, RELEVANT)	MATCH
(12, 8, ACTIVE)	WAIT
(12, 9, IRRELEVANT)	WAIT
(12, 9, RELEVANT)	MATCH
(12, 9, ACTIVE)	WAIT
(12, 10, IRRELEVANT)	WAIT
(12, 10, RELEVANT)	MATCH
(12, 10, ACTIVE)	WAIT
(12, 11, IRRELEVANT)	OVERRIDE
(12, 11, RELEVANT)	OVERRIDE
(12, 11, ACTIVE)	OVERRIDE
(12, 12, IRRELEVANT)	WAIT
(12, 12, RELEVANT)	MATCH
(12, 12, ACTIVE)	WAIT
(12, 13, IRRELEVANT)	WAIT
(12, 13, RELEVANT)	WAIT
(12, 13, ACTIVE)	WAIT
(12, 14, IRRELEVANT)	ADOPT
(12, 14, RELEVANT)	ADOPT
(12, 14, ACTIVE)	WAIT
(12, 15, IRRELEVANT)	ADOPT
(12, 15, RELEVANT)	ADOPT
(12, 15, ACTIVE)	WAIT
(12, 16, IRRELEVANT)	ADOPT
(12, 16, RELEVANT)	ADOPT
(12, 16, ACTIVE)	WAIT
(12, 17, IRRELEVANT)	ADOPT
(12, 17, RELEVANT)	ADOPT
(12, 17, ACTIVE)	WAIT
(12, 18, IRRELEVANT)	ADOPT
(12, 18, RELEVANT)	ADOPT
(12, 18, ACTIVE)	WAIT
(12, 19, IRRELEVANT)	ADOPT
(12, 19, RELEVANT)	ADOPT
(12, 19, ACTIVE)	ADOPT
(13, 0, IRRELEVANT)	WAIT
(13, 0, RELEVANT)	WAIT
(13, 0, ACTIVE)	WAIT
(13, 1, IRRELEVANT)	WAIT
(13, 1, RELEVANT)	MATCH
(13, 1, ACTIVE)	WAIT
(13, 2, IRRELEVANT)	WAIT
(13, 2, RELEVANT)	MATCH
(13, 2, ACTIVE)	WAIT
(13, 3, IRRELEVANT)	WAIT
(13, 3, RELEVANT)	MATCH
(13, 3, ACTIVE)	WAIT
(13, 4, IRRELEVANT)	WAIT
(13, 4, RELEVANT)	MATCH
(13, 4, ACTIVE)	WAIT
(13, 5, IRRELEVANT)	WAIT
(13, 5, RELEVANT)	MATCH
(13, 5, ACTIVE)	WAIT
(13, 6, IRRELEVANT)	WAIT
(13, 6, RELEVANT)	MATCH
(13, 6, ACTIVE)	WAIT
(13, 7, IRRELEVANT)	WAIT
(13, 7, RELEVANT)	MATCH
(13, 7, ACTIVE)	WAIT
(13, 8, IRRELEVANT)	WAIT
(13, 8, RELEVANT)	MATCH
(13, 8, ACTIVE)	WAIT
(13, 9, IRRELEVANT)	WAIT
(13, 9, RELEVANT)	MATCH
(13, 9, ACTIVE)	WAIT
(13, 10, IRRELEVANT)	WAIT
(13, 10, RELEVANT)	MATCH
(13, 10, ACTIVE)	WAIT
(13, 11, IRRELEVANT)	WAIT
(13, 11, RELEVANT)	MATCH
(13, 11, ACTIVE)	WAIT
(13, 12, IRRELEVANT)	OVERRIDE
(13, 12, RELEVANT)	OVERRIDE
(13, 12, ACTIVE)	OVERRIDE
(13, 13, IRRELEVANT)	WAIT
(13, 13, RELEVANT)	MATCH
(13, 13, ACTIVE)	WAIT
(13, 14, IRRELEVANT)	WAIT
(13, 14, RELEVANT)	WAIT
(13, 14, ACTIVE)	WAIT
(13, 15, IRRELEVANT)	ADOPT
(13, 15, RELEVANT)	ADOPT
(13, 15, ACTIVE)	WAIT
(13, 16, IRRELEVANT)	ADOPT
(13, 16, RELEVANT)	ADOPT
(13, 16, ACTIVE)	WAIT
(13, 17, IRRELEVANT)	ADOPT
(13, 17, RELEVANT)	ADOPT
(13, 17, ACTIVE)	WAIT
(13, 18, IRRELEVANT)	ADOPT
(13, 18, RELEVANT)	ADOPT
(13, 18, ACTIVE)	WAIT
(13, 19, IRRELEVANT)	ADOPT
(13, 19, RELEVANT)	ADOPT
(13, 19, ACTIVE)	ADOPT
(14, 0, IRRELEVANT)	WAIT
(14, 0, RELEVANT)	WAIT
(14, 0, ACTIVE)	WAIT
(14, 1, IRRELEVANT)	WAIT
(14, 1, RELEVANT)	MATCH
(14, 1, ACTIVE)	WAIT
(14, 2, IRRELEVANT)	WAIT
(14, 2, RELEVANT)	MATCH
(14, 2, ACTIVE)	WAIT
(14, 3, IRRELEVANT)	WAIT
(14, 3, RELEVANT)	MATCH
(14, 3, ACTIVE)	WAIT
(14, 4, IRRELEVANT)	WAIT
(14, 4, RELEVANT)	MATCH
(14, 4, ACTIVE)	WAIT
(14, 5, IRRELEVANT)	WAIT
(14, 5, RELEVANT)	MATCH
(14, 5, ACTIVE)	WAIT
(14, 6, IRRELEVANT)	WAIT
(14, 6, RELEVANT)	MATCH
(14, 6, ACTIVE)	WAIT
(14, 7, IRRELEVANT)	WAIT
(14, 7, RELEVANT)	MATCH
(14, 7, ACTIVE)	WAIT
(14, 8, IRRELEVANT)	WAIT
(14, 8, RELEVANT)	MATCH
(14, 8, ACTIVE)	WAIT
(14, 9, IRRELEVANT)	WAIT
(14, 9, RELEVANT)	MATCH
(14, 9, ACTIVE)	WAIT
(14, 10, IRRELEVANT)	WAIT
(14, 10, RELEVANT)	MATCH
(14, 10, ACTIVE)	WAIT
(14, 11, IRRELEVANT)	WAIT
(14, 11, RELEVANT)	MATCH
(14, 11, ACTIVE)	WAIT
(14, 12, IRRELEVANT)	WAIT
(14, 12, RELEVANT)	MATCH
(14, 12, ACTIVE)	WAIT
(14, 13, IRRELEVANT)	OVERRIDE
(14, 13, RELEVANT)	OVERRIDE
(14, 13, ACTIVE)	OVERRIDE
(14, 14, IRRELEVANT)	WAIT
(14, 14, RELEVANT)	MATCH
(14, 14, ACTIVE)	WAIT
(14, 15, IRRELEVANT)	WAIT
(14, 15, RELEVANT)	WAIT
(14, 15, ACTIVE)	WAIT
(14, 16, IRRELEVANT)	WAIT
(14, 16, RELEVANT)	WAIT
(14, 16, ACTIVE)	WAIT
(14, 17, IRRELEVANT)	ADOPT
(14, 17, RELEVANT)	ADOPT
(14, 17, ACTIVE)	WAIT
(14, 18, IRRELEVANT)	ADOPT
(14, 18, RELEVANT)	ADOPT
(14, 18, ACTIVE)	WAIT
(14, 19, IRRELEVANT)	ADOPT
(14, 19, RELEVANT)	ADOPT
(14, 19, ACTIVE)	ADOPT
(15, 0, IRRELEVANT)	WAIT
(15, 0, RELEVANT)	WAIT
(15, 0, ACTIVE)	WAIT
(15, 1, IRRELEVANT)	WAIT
(15, 1, RELEVANT)	MATCH
(15, 1, ACTIVE)	WAIT
(15, 2, IRRELEVANT)	WAIT
(15, 2, RELEVANT)	MATCH
(15, 2, ACTIVE)	WAIT
(15, 3, IRRELEVANT)	WAIT
(15, 3, RELEVANT)	MATCH
(15, 3, ACTIVE)	WAIT
(15, 4, IRRELEVANT)	WAIT
(15, 4, RELEVANT)	MATCH
(15, 4, ACTIVE)	WAIT
(15, 5, IRRELEVANT)	WAIT
(15, 5, RELEVANT)	MATCH
(15, 5, ACTIVE)	WAIT
(15, 6, IRRELEVANT)	WAIT
(15, 6, RELEVANT)	MATCH
(15, 6, ACTIVE)	WAIT
(15, 7, IRRELEVANT)	WAIT
(15, 7, RELEVANT)	MATCH
(15, 7, ACTIVE)	WAIT
(15, 8, IRRELEVANT)	WAIT
(15, 8, RELEVANT)	MATCH
(15, 8, ACTIVE)	WAIT
(15, 9, IRRELEVANT)	WAIT
(15, 9, RELEVANT)	MATCH
(15, 9, ACTIVE)	WAIT
(15, 10, IRRELEVANT)	WAIT
(15, 10, RELEVANT)	MATCH
(15, 10, ACTIVE)	WAIT
(15, 11, IRRELEVANT)	WAIT
(15, 11, RELEVANT)	MATCH
(15, 11, ACTIVE)	WAIT
(15, 12, IRRELEVANT)	WAIT
(15, 12, RELEVANT)	MATCH
(15, 12, ACTIVE)	WAIT
(15, 13, IRRELEVANT)	WAIT
(15, 13, RELEVANT)	MATCH
(15, 13, ACTIVE)	WAIT
(15, 14, IRRELEVANT)	OVERRIDE
(15, 14, RELEVANT)	OVERRIDE
(15, 14, ACTIVE)	OVERRIDE
(15, 15, IRRELEVANT)	WAIT
(15, 15, RELEVANT)	MATCH
(15, 15, ACTIVE)	WAIT
(15, 16, IRRELEVANT)	WAIT
(15, 16, RELEVANT)	WAIT
(15, 16, ACTIVE)	WAIT
(15, 17, IRRELEVANT)	ADOPT
(15, 17, RELEVANT)	ADOPT
(15, 17, ACTIVE)	WAIT
(15, 18, IRRELEVANT)	ADOPT
(15, 18, RELEVANT)	ADOPT
(15, 18, ACTIVE)	WAIT
(15, 19, IRRELEVANT)	ADOPT
(15, 19, RELEVANT)	ADOPT
(15, 19, ACTIVE)	ADOPT
(16, 0, IRRELEVANT)	WAIT
(16, 0, RELEVANT)	WAIT
(16, 0, ACTIVE)	WAIT
(16, 1, IRRELEVANT)	WAIT
(16, 1, RELEVANT)	MATCH
(16, 1, ACTIVE)	WAIT
(16, 2, IRRELEVANT)	WAIT
(16, 2, RELEVANT)	MATCH
(16, 2, ACTIVE)	WAIT
(16, 3, IRRELEVANT)	WAIT
(16, 3, RELEVANT)	MATCH
(16, 3, ACTIVE)	WAIT
(16, 4, IRRELEVANT)	WAIT
(16, 4, RELEVANT)	MATCH
(16, 4, ACTIVE)	WAIT
(16, 5, IRRELEVANT)	WAIT
(16, 5, RELEVANT)	MATCH
(16, 5, ACTIVE)	WAIT
(16, 6, IRRELEVANT)	WAIT
(16, 6, RELEVANT)	MATCH
(16, 6, ACTIVE)	WAIT
(16, 7, IRRELEVANT)	WAIT
(16, 7, RELEVANT)	MATCH
(16, 7, ACTIVE)	WAIT
(16, 8, IRRELEVANT)	WAIT
(16, 8, RELEVANT)	MATCH
(16, 8, ACTIVE)	WAIT
(16, 9, IRRELEVANT)	WAIT
(16, 9, RELEVANT)	MATCH
(16, 9, ACTIVE)	WAIT
(16, 10, IRRELEVANT)	WAIT
(16, 10, RELEVANT)	MATCH
(16, 10, ACTIVE)	WAIT
(16, 11, IRRELEVANT)	WAIT
(16, 11, RELEVANT)	MATCH
(16, 11, ACTIVE)	WAIT
(16, 12, IRRELEVANT)	WAIT
(16, 12, RELEVANT)	MATCH
(16, 12, ACTIVE)	WAIT
(16, 13, IRRELEVANT)	WAIT
(16, 13, RELEVANT)	MATCH
(16, 13, ACTIVE)	WAIT
(16, 14, IRRELEVANT)	WAIT
(16, 14, RELEVANT)	MATCH
(16, 14, ACTIVE)	WAIT
(16, 15, IRRELEVANT)	OVERRIDE
(16, 15, RELEVANT)	OVERRIDE
(16, 15, ACTIVE)	OVERRIDE
(16, 16, IRRELEVANT)	WAIT
(16, 16, RELEVANT)	MATCH
(16, 16, ACTIVE)	WAIT
(16, 17, IRRELEVANT)	WAIT
(16, 17, RELEVANT)	WAIT
(16, 17, ACTIVE)	WAIT
(16, 18, IRRELEVANT)	ADOPT
(16, 18, RELEVANT)	ADOPT
(16, 18, ACTIVE)	WAIT
(16, 19, IRRELEVANT)	ADOPT
(16, 19, RELEVANT)	ADOPT
(16, 19, ACTIVE)	ADOPT
(17, 0, IRRELEVANT)	WAIT
(17, 0, RELEVANT)	WAIT
(17, 0, ACTIVE)	WAIT
(17, 1, IRRELEVANT)	WAIT
(17, 1, RELEVANT)	MATCH
(17, 1, ACTIVE)	WAIT
(17, 2, IRRELEVANT)	WAIT
(17, 2, RELEVANT)	MATCH
(17, 2, ACTIVE)	WAIT
(17, 3, IRRELEVANT)	WAIT
(17, 3, RELEVANT)	MATCH
(17, 3, ACTIVE)	WAIT
(17, 4, IRRELEVANT)	WAIT
(17, 4, RELEVANT)	MATCH
(17, 4, ACTIVE)	WAIT
(17, 5, IRRELEVANT)	WAIT
(17, 5, RELEVANT)	MATCH
(17, 5, ACTIVE)	WAIT
(17, 6, IRRELEVANT)	WAIT
(17, 6, RELEVANT)	MATCH
(17, 6, ACTIVE)	WAIT
(17, 7, IRRELEVANT)	WAIT
(17, 7, RELEVANT)	MATCH
(17, 7, ACTIVE)	WAIT
(17, 8, IRRELEVANT)	WAIT
(17, 8, RELEVANT)	MATCH
(17, 8, ACTIVE)	WAIT
(17, 9, IRRELEVANT)	WAIT
(17, 9, RELEVANT)	MATCH
(17, 9, ACTIVE)	WAIT
(17, 10, IRRELEVANT)	WAIT
(17, 10, RELEVANT)	MATCH
(17, 10, ACTIVE)	WAIT
(17, 11, IRRELEVANT)	WAIT
(17, 11, RELEVANT)	MATCH
(17, 11, ACTIVE)	WAIT
(17, 12, IRRELEVANT)	WAIT
(17, 12, RELEVANT)	MATCH
(17, 12, ACTIVE)	WAIT
(17, 13, IRRELEVANT)	WAIT
(17, 13, RELEVANT)	MATCH
(17, 13, ACTIVE)	WAIT
(17, 14, IRRELEVANT)	WAIT
(17, 14, RELEVANT)	MATCH
(17, 14, ACTIVE)	WAIT
(17, 15, IRRELEVANT)	WAIT
(17, 15, RELEVANT)	WAIT
(17, 15, ACTIVE)	WAIT
(17, 16, IRRELEVANT)	OVERRIDE
(17, 16, RELEVANT)	OVERRIDE
(17, 16, ACTIVE)	OVERRIDE
(17, 17, IRRELEVANT)	WAIT
(17, 17, RELEVANT)	MATCH
(17, 17, ACTIVE)	WAIT
(17, 18, IRRELEVANT)	ADOPT
(17, 18, RELEVANT)	ADOPT
(17, 18, ACTIVE)	WAIT
(17, 19, IRRELEVANT)	ADOPT
(17, 19, RELEVANT)	ADOPT
(17, 19, ACTIVE)	ADOPT
(18, 0, IRRELEVANT)	OVERRIDE
(18, 0, RELEVANT)	OVERRIDE
(18, 0, ACTIVE)	OVERRIDE
(18, 1, IRRELEVANT)	OVERRIDE
(18, 1, RELEVANT)	OVERRIDE
(18, 1, ACTIVE)	OVERRIDE
(18, 2, IRRELEVANT)	OVERRIDE
(18, 2, RELEVANT)	OVERRIDE
(18, 2, ACTIVE)	OVERRIDE
(18, 3, IRRELEVANT)	OVERRIDE
(18, 3, RELEVANT)	OVERRIDE
(18, 3, ACTIVE)	OVERRIDE
(18, 4, IRRELEVANT)	OVERRIDE
(18, 4, RELEVANT)	OVERRIDE
(18, 4, ACTIVE)	OVERRIDE
(18, 5, IRRELEVANT)	OVERRIDE
(18, 5, RELEVANT)	OVERRIDE
(18, 5, ACTIVE)	OVERRIDE
(18, 6, IRRELEVANT)	OVERRIDE
(18, 6, RELEVANT)	OVERRIDE
(18, 6, ACTIVE)	OVERRIDE
(18, 7, IRRELEVANT)	OVERRIDE
(18, 7, RELEVANT)	OVERRIDE
(18, 7, ACTIVE)	OVERRIDE
(18, 8, IRRELEVANT)	OVERRIDE
(18, 8, RELEVANT)	OVERRIDE
(18, 8, ACTIVE)	OVERRIDE
(18, 9, IRRELEVANT)	OVERRIDE
(18, 9, RELEVANT)	OVERRIDE
(18, 9, ACTIVE)	OVERRIDE
(18, 10, IRRELEVANT)	OVERRIDE
(18, 10, RELEVANT)	OVERRIDE
(18, 10, ACTIVE)	OVERRIDE
(18, 11, IRRELEVANT)	OVERRIDE
(18, 11, RELEVANT)	OVERRIDE
(18, 11, ACTIVE)	OVERRIDE
(18, 12, IRRELEVANT)	OVERRIDE
(18, 12, RELEVANT)	OVERRIDE
(18, 12, ACTIVE)	OVERRIDE
(18, 13, IRRELEVANT)	OVERRIDE
(18, 13, RELEVANT)	OVERRIDE
(18, 13, ACTIVE)	OVERRIDE
(18, 14, IRRELEVANT)	OVERRIDE
(18, 14, RELEVANT)	OVERRIDE
(18, 14, ACTIVE)	OVERRIDE
(18, 15, IRRELEVANT)	OVERRIDE
(18, 15, RELEVANT)	OVERRIDE
(18, 15, ACTIVE)	OVERRIDE
(18, 16, IRRELEVANT)	OVERRIDE
(18, 16, RELEVANT)	OVERRIDE
(18, 16, ACTIVE)	OVERRIDE
(18, 17, IRRELEVANT)	OVERRIDE
(18, 17, RELEVANT)	OVERRIDE
(18, 17, ACTIVE)	OVERRIDE
(18, 18, IRRELEVANT)	ADOPT
(18, 18, RELEVANT)	MATCH
(18, 18, ACTIVE)	WAIT
(18, 19, IRRELEVANT)	ADOPT
(18, 19, RELEVANT)	ADOPT
(18, 19, ACTIVE)	ADOPT
(19, 0, IRRELEVANT)	ADOPT
(19, 0, RELEVANT)	ADOPT
(19, 0, ACTIVE)	ADOPT
(19, 1, IRRELEVANT)	ADOPT
(19, 1, RELEVANT)	ADOPT
(19, 1, ACTIVE)	ADOPT
(19, 2, IRRELEVANT)	ADOPT
(19, 2, RELEVANT)	ADOPT
(19, 2, ACTIVE)	ADOPT
(19, 3, IRRELEVANT)	ADOPT
(19, 3, RELEVANT)	ADOPT
(19, 3, ACTIVE)	ADOPT
(19, 4, IRRELEVANT)	ADOPT
(19, 4, RELEVANT)	ADOPT
(19, 4, ACTIVE)	ADOPT
(19, 5, IRRELEVANT)	ADOPT
(19, 5, RELEVANT)	ADOPT
(19, 5, ACTIVE)	ADOPT
(19, 6, IRRELEVANT)	ADOPT
(19, 6, RELEVANT)	ADOPT
(19, 6, ACTIVE)	ADOPT
(19, 7, IRRELEVANT)	ADOPT
(19, 7, RELEVANT)	ADOPT
(19, 7, ACTIVE)	ADOPT
(19, 8, IRRELEVANT)	ADOPT
(19, 8, RELEVANT)	ADOPT
(19, 8, ACTIVE)	ADOPT
(19, 9, IRRELEVANT)	ADOPT
(19, 9, RELEVANT)	ADOPT
(19, 9, ACTIVE)	ADOPT
(19, 10, IRRELEVANT)	ADOPT
(19, 10, RELEVANT)	ADOPT
(19, 10, ACTIVE)	ADOPT
(19, 11, IRRELEVANT)	ADOPT
(19, 11, RELEVANT)	ADOPT
(19, 11, ACTIVE)	ADOPT
(19, 12, IRRELEVANT)	ADOPT
(19, 12, RELEVANT)	ADOPT
(19, 12, ACTIVE)	ADOPT
(19, 13, IRRELEVANT)	ADOPT
(19, 13, RELEVANT)	ADOPT
(19, 13, ACTIVE)	ADOPT
(19, 14, IRRELEVANT)	ADOPT
(19, 14, RELEVANT)	ADOPT
(19, 14, ACTIVE)	ADOPT
(19, 15, IRRELEVANT)	ADOPT
(19, 15, RELEVANT)	ADOPT
(19, 15, ACTIVE)	ADOPT
(19, 16, IRRELEVANT)	ADOPT
(19, 16, RELEVANT)	ADOPT
(19, 16, ACTIVE)	ADOPT
(19, 17, IRRELEVANT)	ADOPT
(19, 17, RELEVANT)	ADOPT
(19, 17, ACTIVE)	ADOPT
(19, 18, IRRELEVANT)	ADOPT
(19, 18, RELEVANT)	ADOPT
(19, 18, ACTIVE)	ADOPT
(19, 19, IRRELEVANT)	ADOPT
(19, 19, RELEVANT)	ADOPT
(19, 19, ACTIVE)	ADOPT
